page,text,x0,x1,top,bottom,width,height
1,明治大学,28.56999999999998,84.56999999999998,18.170000000000073,32.17000000000007,56.0,14.0
1,成,375.96999999999997,393.96999999999997,14.170000000000073,32.17000000000007,18.0,18.0
1,績,433.57,451.57,14.170000000000073,32.17000000000007,18.0,18.0
1,通,491.16999999999996,509.16999999999996,14.170000000000073,32.17000000000007,18.0,18.0
1,知,548.77,566.77,14.170000000000073,32.17000000000007,18.0,18.0
1,書,606.3699999999999,624.3699999999999,14.170000000000073,32.17000000000007,18.0,18.0
1,2025/,909.4699999999999,931.9699999999999,15.370000000000005,24.370000000000005,22.5,9.0
1,8/22,936.4699999999999,954.4699999999999,15.370000000000005,24.370000000000005,18.0,9.0
1,（,914.3699999999999,923.3699999999999,24.57000000000005,33.57000000000005,9.0,9.0
1,1／,926.5699999999999,941.3699999999999,24.57000000000005,33.57000000000005,14.799999999999955,9.0
1,1）,944.5699999999999,959.3699999999999,24.57000000000005,33.57000000000005,14.799999999999955,9.0
1,科,83.06999999999987,90.06999999999987,34.370000000000005,41.370000000000005,7.0,7.0
1,目,121.06999999999987,128.06999999999988,34.370000000000005,41.370000000000005,7.000000000000014,7.0
1,単,182.96999999999986,189.96999999999986,34.370000000000005,41.370000000000005,7.0,7.0
1,位,193.96999999999986,200.96999999999986,34.370000000000005,41.370000000000005,7.0,7.0
1,評,206.86999999999986,213.86999999999986,34.370000000000005,41.370000000000005,7.0,7.0
1,価,224.86999999999986,231.86999999999986,34.370000000000005,41.370000000000005,7.0,7.0
1,G,238.76999999999987,242.26999999999987,34.370000000000005,41.370000000000005,3.5,7.0
1,P,249.26999999999987,252.76999999999987,34.370000000000005,41.370000000000005,3.5,7.0
1,担,259.76999999999987,266.76999999999987,34.370000000000005,41.370000000000005,7.0,7.0
1,当,270.76999999999987,277.76999999999987,34.370000000000005,41.370000000000005,7.0,7.0
1,者,281.76999999999987,288.76999999999987,34.370000000000005,41.370000000000005,7.0,7.0
1,名,292.76999999999987,299.76999999999987,34.370000000000005,41.370000000000005,7.0,7.0
1,メディア,306.2699999999999,328.2699999999999,34.370000000000005,41.370000000000005,22.0,7.0
1,科,394.96999999999997,401.96999999999997,34.07000000000005,41.07000000000005,7.0,7.0
1,目,432.96999999999997,439.96999999999997,34.07000000000005,41.07000000000005,7.0,7.0
1,単,494.86999999999995,501.86999999999995,34.07000000000005,41.07000000000005,7.0,7.0
1,位,505.86999999999995,512.8699999999999,34.07000000000005,41.07000000000005,6.999999999999943,7.0
1,評,518.7699999999999,525.7699999999999,34.07000000000005,41.07000000000005,7.0,7.0
1,価,536.7699999999999,543.7699999999999,34.07000000000005,41.07000000000005,7.0,7.0
1,G,550.6699999999998,554.1699999999998,34.07000000000005,41.07000000000005,3.5,7.0
1,P,561.1699999999998,564.6699999999998,34.07000000000005,41.07000000000005,3.5,7.0
1,担,571.6699999999998,578.6699999999998,34.07000000000005,41.07000000000005,7.0,7.0
1,当,582.6699999999998,589.6699999999998,34.07000000000005,41.07000000000005,7.0,7.0
1,者,593.6699999999998,600.6699999999998,34.07000000000005,41.07000000000005,7.0,7.0
1,名,604.6699999999998,611.6699999999998,34.07000000000005,41.07000000000005,7.0,7.0
1,メディア,618.1699999999998,640.1699999999998,34.07000000000005,41.07000000000005,22.0,7.0
1,科,706.8699999999999,713.8699999999999,34.870000000000005,41.870000000000005,7.0,7.0
1,目,744.8699999999999,751.8699999999999,34.870000000000005,41.870000000000005,7.0,7.0
1,単,806.7699999999999,813.7699999999999,34.870000000000005,41.870000000000005,7.0,7.0
1,位,817.7699999999999,824.7699999999999,34.870000000000005,41.870000000000005,7.0,7.0
1,評,830.6699999999998,837.6699999999998,34.870000000000005,41.870000000000005,7.0,7.0
1,価,848.6699999999998,855.6699999999998,34.870000000000005,41.870000000000005,7.0,7.0
1,G,862.5699999999998,866.0699999999998,34.870000000000005,41.870000000000005,3.5,7.0
1,P,873.0699999999998,876.5699999999998,34.870000000000005,41.870000000000005,3.5,7.0
1,担,883.5699999999998,890.5699999999998,34.870000000000005,41.870000000000005,7.0,7.0
1,当,894.5699999999998,901.5699999999998,34.870000000000005,41.870000000000005,7.0,7.0
1,者,905.5699999999998,912.5699999999998,34.870000000000005,41.870000000000005,7.0,7.0
1,名,916.5699999999998,923.5699999999998,34.870000000000005,41.870000000000005,7.0,7.0
1,メディア,930.0699999999998,952.0699999999998,34.870000000000005,41.870000000000005,22.0,7.0
1,学部必修科目,48.76999999999991,93.76999999999991,42.47000000000003,49.97000000000003,45.0,7.5
1,00-173714,334.57002,359.78501975999995,58.27049999999997,65.77049999999997,25.214999759999955,7.5
1,フィールドスタディＣ,383.07,458.07,58.27049999999997,65.77049999999997,75.0,7.5
1,2,501.88,505.255,58.27049999999997,65.77049999999997,3.375,7.5
1,S,523.2597,525.8847,58.27049999999997,65.77049999999997,2.625,7.5
1,2025,536.9696899999999,547.4696899999999,58.27049999999997,65.77049999999997,10.5,7.5
1,4,555.3796,558.7546,58.37049999999999,65.87049999999999,3.375,7.5
1,佐々木,566.17,588.67,58.27049999999997,65.77049999999997,22.5,7.5
1,聡,596.17,603.67,58.27049999999997,65.77049999999997,7.5,7.5
1,00-173003,22.769984,47.98498376,66.16949999999997,73.66949999999997,25.214999759999998,7.5
1,近代経済学Ａ,71.27000000000001,116.27000000000001,66.16949999999997,73.66949999999997,45.0,7.5
1,2,190.08039999999997,193.45539999999997,66.16949999999997,73.66949999999997,3.375,7.5
1,B,211.46009999999998,214.08509999999998,66.16949999999997,73.66949999999997,2.625,7.5
1,2022,225.17009,235.67009,66.16949999999997,73.66949999999997,10.5,7.5
1,2,243.57999999999998,246.95499999999998,66.27049999999997,73.77049999999997,3.375,7.5
1,藤江,254.36999999999998,269.37,66.16949999999997,73.66949999999997,15.000000000000028,7.5
1,昌嗣,276.87,291.87,66.16949999999997,73.66949999999997,15.0,7.5
1,ＩＣＴリテラシー科目,360.57,435.57,66.16949999999997,73.66949999999997,75.0,7.5
1,00-173004,22.769984,47.98498376,74.06949999999995,81.56949999999995,25.214999759999998,7.5
1,近代経済学Ｂ,71.27000000000001,116.27000000000001,74.06949999999995,81.56949999999995,45.0,7.5
1,2,190.08039999999997,193.45539999999997,74.06949999999995,81.56949999999995,3.375,7.5
1,C,211.46009999999998,214.08509999999998,74.06949999999995,81.56949999999995,2.625,7.5
1,2022,225.17009,235.67009,74.06949999999995,81.56949999999995,10.5,7.5
1,1,243.57999999999998,246.95499999999998,74.16949999999997,81.66949999999997,3.375,7.5
1,藤江,254.36999999999998,269.37,74.06949999999995,81.56949999999995,15.000000000000028,7.5
1,昌嗣,276.87,291.87,74.06949999999995,81.56949999999995,15.0,7.5
1,00-173007,22.769984,47.98498376,81.96949999999993,89.46949999999993,25.214999759999998,7.5
1,経営総論,71.27000000000001,101.27000000000001,81.96949999999993,89.46949999999993,30.0,7.5
1,2,190.08039999999997,193.45539999999997,81.96949999999993,89.46949999999993,3.375,7.5
1,C,211.46009999999998,214.08509999999998,81.96949999999993,89.46949999999993,2.625,7.5
1,2022,225.17009,235.67009,81.96949999999993,89.46949999999993,10.5,7.5
1,1,243.57999999999998,246.95499999999998,82.06949999999995,89.56949999999995,3.375,7.5
1,平屋,254.36999999999998,269.37,81.96949999999993,89.46949999999993,15.000000000000028,7.5
1,伸洋,276.87,291.87,81.96949999999993,89.46949999999993,15.0,7.5
1,00-173008,22.769984,47.98498376,89.87049999999999,97.37049999999999,25.214999759999998,7.5
1,経営学,71.27000000000001,93.77000000000001,89.87049999999999,97.37049999999999,22.5,7.5
1,2,190.08039999999997,193.45539999999997,89.87049999999999,97.37049999999999,3.375,7.5
1,F,211.46009999999998,214.08509999999998,89.87049999999999,97.37049999999999,2.625,7.5
1,2022,225.17009,235.67009,89.87049999999999,97.37049999999999,10.5,7.5
1,佐野,254.36999999999998,269.37,89.87049999999999,97.37049999999999,15.000000000000028,7.5
1,正博,276.87,291.87,89.87049999999999,97.37049999999999,15.0,7.5
1,*,315.24,318.99,89.87049999999999,97.37049999999999,3.75,7.5
1,00-83J011,334.57002,359.78501975999995,89.87049999999999,97.37049999999999,25.214999759999955,7.5
1,ICTベーシックⅠ,383.07,439.32,89.87049999999999,97.37049999999999,56.25,7.5
1,2,501.88,505.255,89.87049999999999,97.37049999999999,3.375,7.5
1,B,523.2597,525.8847,89.87049999999999,97.37049999999999,2.625,7.5
1,2025,536.9696899999999,547.4696899999999,89.87049999999999,97.37049999999999,10.5,7.5
1,2,555.3796,558.7546,89.96949999999993,97.46949999999993,3.375,7.5
1,岡田,566.17,581.17,89.87049999999999,97.37049999999999,15.0,7.5
1,昭夫,588.67,603.67,89.87049999999999,97.37049999999999,15.0,7.5
1,*,627.04,630.79,89.87049999999999,97.37049999999999,3.75,7.5
1,00-173008,22.769984,47.98498376,97.77049999999997,105.27049999999997,25.214999759999998,7.5
1,経営学,71.27000000000001,93.77000000000001,97.77049999999997,105.27049999999997,22.5,7.5
1,2,190.08039999999997,193.45539999999997,97.77049999999997,105.27049999999997,3.375,7.5
1,F,211.46009999999998,214.08509999999998,97.77049999999997,105.27049999999997,2.625,7.5
1,2023,225.17009,235.67009,97.77049999999997,105.27049999999997,10.5,7.5
1,佐野,254.36999999999998,269.37,97.77049999999997,105.27049999999997,15.000000000000028,7.5
1,正博,276.87,291.87,97.77049999999997,105.27049999999997,15.0,7.5
1,*,315.24,318.99,97.77049999999997,105.27049999999997,3.75,7.5
1,全学共通総合講座,360.57,420.57,97.77049999999997,105.27049999999997,60.0,7.5
1,00-173008,22.769984,47.98498376,105.66949999999997,113.16949999999997,25.214999759999998,7.5
1,経営学,71.27000000000001,93.77000000000001,105.66949999999997,113.16949999999997,22.5,7.5
1,2,190.08039999999997,193.45539999999997,105.66949999999997,113.16949999999997,3.375,7.5
1,C,211.46009999999998,214.08509999999998,105.66949999999997,113.16949999999997,2.625,7.5
1,2024,225.17009,235.67009,105.66949999999997,113.16949999999997,10.5,7.5
1,1,243.57999999999998,246.95499999999998,105.77049999999997,113.27049999999997,3.375,7.5
1,古川,254.36999999999998,269.37,105.66949999999997,113.16949999999997,15.000000000000028,7.5
1,裕康,276.87,291.87,105.66949999999997,113.16949999999997,15.0,7.5
1,*,315.24,318.99,105.66949999999997,113.16949999999997,3.75,7.5
1,00-173009,22.769984,47.98498376,113.56949999999995,121.06949999999995,25.214999759999998,7.5
1,会計学,71.27000000000001,93.77000000000001,113.56949999999995,121.06949999999995,22.5,7.5
1,2,190.08039999999997,193.45539999999997,113.56949999999995,121.06949999999995,3.375,7.5
1,C,211.46009999999998,214.08509999999998,113.56949999999995,121.06949999999995,2.625,7.5
1,2022,225.17009,235.67009,113.56949999999995,121.06949999999995,10.5,7.5
1,1,243.57999999999998,246.95499999999998,113.66949999999997,121.16949999999997,3.375,7.5
1,長野,254.36999999999998,269.37,113.56949999999995,121.06949999999995,15.000000000000028,7.5
1,史麻,276.87,291.87,113.56949999999995,121.06949999999995,15.0,7.5
1,*,315.24,318.99,113.56949999999995,121.06949999999995,3.75,7.5
1,00-173010,22.769984,47.98498376,121.46949999999993,128.96949999999993,25.214999759999998,7.5
1,公共経営学,71.27000000000001,108.77000000000001,121.46949999999993,128.96949999999993,37.5,7.5
1,2,190.08039999999997,193.45539999999997,121.46949999999993,128.96949999999993,3.375,7.5
1,F,211.46009999999998,214.08509999999998,121.46949999999993,128.96949999999993,2.625,7.5
1,2022,225.17009,235.67009,121.46949999999993,128.96949999999993,10.5,7.5
1,塚本,254.36999999999998,269.37,121.46949999999993,128.96949999999993,15.000000000000028,7.5
1,一郎,276.87,291.87,121.46949999999993,128.96949999999993,15.0,7.5
1,00-174005,334.57002,359.78501975999995,121.46949999999993,128.96949999999993,25.214999759999955,7.5
1,全学共通総合講座Ａ,383.07,450.57,121.46949999999993,128.96949999999993,67.5,7.5
1,2,501.88,505.255,121.46949999999993,128.96949999999993,3.375,7.5
1,F,523.2597,525.8847,121.46949999999993,128.96949999999993,2.625,7.5
1,2023,536.9696899999999,547.4696899999999,121.46949999999993,128.96949999999993,10.5,7.5
1,阿原,566.17,581.17,121.46949999999993,128.96949999999993,15.0,7.5
1,一志,588.67,603.67,121.46949999999993,128.96949999999993,15.0,7.5
1,*,627.04,630.79,121.46949999999993,128.96949999999993,3.75,7.5
1,00-173010,22.769984,47.98498376,129.3705,136.8705,25.214999759999998,7.5
1,公共経営学,71.27000000000001,108.77000000000001,129.3705,136.8705,37.5,7.5
1,2,190.08039999999997,193.45539999999997,129.3705,136.8705,3.375,7.5
1,F,211.46009999999998,214.08509999999998,129.3705,136.8705,2.625,7.5
1,2023,225.17009,235.67009,129.3705,136.8705,10.5,7.5
1,塚本,254.36999999999998,269.37,129.3705,136.8705,15.000000000000028,7.5
1,一郎,276.87,291.87,129.3705,136.8705,15.0,7.5
1,00-174008,334.57002,359.78501975999995,129.3705,136.8705,25.214999759999955,7.5
1,全学共通総合講座Ｄ,383.07,450.57,129.3705,136.8705,67.5,7.5
1,2,501.88,505.255,129.3705,136.8705,3.375,7.5
1,T,523.2597,525.8847,129.3705,136.8705,2.625,7.5
1,2024,536.9696899999999,547.4696899999999,129.3705,136.8705,10.5,7.5
1,久保,566.17,581.17,129.3705,136.8705,15.0,7.5
1,隆光,588.67,603.67,129.3705,136.8705,15.0,7.5
1,00-173010,22.769984,47.98498376,137.27049999999997,144.77049999999997,25.214999759999998,7.5
1,公共経営学,71.27000000000001,108.77000000000001,137.27049999999997,144.77049999999997,37.5,7.5
1,2,190.08039999999997,193.45539999999997,137.27049999999997,144.77049999999997,3.375,7.5
1,C,211.46009999999998,214.08509999999998,137.27049999999997,144.77049999999997,2.625,7.5
1,2024,225.17009,235.67009,137.27049999999997,144.77049999999997,10.5,7.5
1,1,243.57999999999998,246.95499999999998,137.3705,144.8705,3.375,7.5
1,塚本,254.36999999999998,269.37,137.27049999999997,144.77049999999997,15.000000000000028,7.5
1,一郎,276.87,291.87,137.27049999999997,144.77049999999997,15.0,7.5
1,経営学科専門科目,360.57,420.57,137.27049999999997,144.77049999999997,60.0,7.5
1,教養科目,48.77,78.77000000000001,145.16949999999997,152.66949999999997,30.000000000000007,7.5
1,経営学科生,368.07000000000005,405.57000000000005,145.16949999999997,152.66949999999997,37.5,7.5
1,日本語を用いた科目,375.57000000000005,443.07000000000005,153.06949999999995,160.56949999999995,67.5,7.5
1,00-174101,334.57002,359.78501975999995,160.96949999999993,168.46949999999993,25.214999759999955,7.5
1,企業論Ａ,383.07,413.07,160.96949999999993,168.46949999999993,30.0,7.5
1,2,501.88,505.255,160.96949999999993,168.46949999999993,3.375,7.5
1,B,523.2597,525.8847,160.96949999999993,168.46949999999993,2.625,7.5
1,2023,536.9696899999999,547.4696899999999,160.96949999999993,168.46949999999993,10.5,7.5
1,2,555.3796,558.7546,161.06949999999995,168.56949999999995,3.375,7.5
1,徐,566.17,573.67,160.96949999999993,168.46949999999993,7.5,7.5
1,玉琴,581.17,596.17,160.96949999999993,168.46949999999993,15.0,7.5
1,00-173303,22.769984,47.98498376,168.8705,176.3705,25.214999759999998,7.5
1,社会思想,71.27000000000001,101.27000000000001,168.8705,176.3705,30.0,7.5
1,2,190.08039999999997,193.45539999999997,168.8705,176.3705,3.375,7.5
1,A,211.46009999999998,214.08509999999998,168.8705,176.3705,2.625,7.5
1,2022,225.17009,235.67009,168.8705,176.3705,10.5,7.5
1,3,243.57999999999998,246.95499999999998,168.96949999999993,176.46949999999993,3.375,7.5
1,枝村,254.36999999999998,269.37,168.8705,176.3705,15.000000000000028,7.5
1,祥平,276.87,291.87,168.8705,176.3705,15.0,7.5
1,00-174102,334.57002,359.78501975999995,168.8705,176.3705,25.214999759999955,7.5
1,企業論Ｂ,383.07,413.07,168.8705,176.3705,30.0,7.5
1,2,501.88,505.255,168.8705,176.3705,3.375,7.5
1,C,523.2597,525.8847,168.8705,176.3705,2.625,7.5
1,2023,536.9696899999999,547.4696899999999,168.8705,176.3705,10.5,7.5
1,1,555.3796,558.7546,168.96949999999993,176.46949999999993,3.375,7.5
1,徐,566.17,573.67,168.8705,176.3705,7.5,7.5
1,玉琴,581.17,596.17,168.8705,176.3705,15.0,7.5
1,00-173304,22.769984,47.98498376,176.77049999999997,184.27049999999997,25.214999759999998,7.5
1,倫理思想Ａ,71.27000000000001,108.77000000000001,176.77049999999997,184.27049999999997,37.5,7.5
1,2,190.08039999999997,193.45539999999997,176.77049999999997,184.27049999999997,3.375,7.5
1,T,211.46009999999998,214.08509999999998,176.77049999999997,184.27049999999997,2.625,7.5
1,2023,225.17009,235.67009,176.77049999999997,184.27049999999997,10.5,7.5
1,宇田川,254.36999999999998,276.87,176.77049999999997,184.27049999999997,22.50000000000003,7.5
1,尚人,284.37,299.37,176.77049999999997,184.27049999999997,15.0,7.5
1,00-174103,334.57002,359.78501975999995,176.77049999999997,184.27049999999997,25.214999759999955,7.5
1,経営管理論Ａ,383.07,428.07,176.77049999999997,184.27049999999997,45.0,7.5
1,2,501.88,505.255,176.77049999999997,184.27049999999997,3.375,7.5
1,B,523.2597,525.8847,176.77049999999997,184.27049999999997,2.625,7.5
1,2023,536.9696899999999,547.4696899999999,176.77049999999997,184.27049999999997,10.5,7.5
1,2,555.3796,558.7546,176.8705,184.3705,3.375,7.5
1,高木,566.17,581.17,176.77049999999997,184.27049999999997,15.0,7.5
1,俊雄,588.67,603.67,176.77049999999997,184.27049999999997,15.0,7.5
1,00-173305,22.769984,47.98498376,184.66949999999997,192.16949999999997,25.214999759999998,7.5
1,倫理思想Ｂ,71.27000000000001,108.77000000000001,184.66949999999997,192.16949999999997,37.5,7.5
1,2,190.08039999999997,193.45539999999997,184.66949999999997,192.16949999999997,3.375,7.5
1,T,211.46009999999998,214.08509999999998,184.66949999999997,192.16949999999997,2.625,7.5
1,2023,225.17009,235.67009,184.66949999999997,192.16949999999997,10.5,7.5
1,宇田川,254.36999999999998,276.87,184.66949999999997,192.16949999999997,22.50000000000003,7.5
1,尚人,284.37,299.37,184.66949999999997,192.16949999999997,15.0,7.5
1,00-174104,334.57002,359.78501975999995,184.66949999999997,192.16949999999997,25.214999759999955,7.5
1,経営管理論Ｂ,383.07,428.07,184.66949999999997,192.16949999999997,45.0,7.5
1,2,501.88,505.255,184.66949999999997,192.16949999999997,3.375,7.5
1,A,523.2597,525.8847,184.66949999999997,192.16949999999997,2.625,7.5
1,2024,536.9696899999999,547.4696899999999,184.66949999999997,192.16949999999997,10.5,7.5
1,3,555.3796,558.7546,184.77049999999997,192.27049999999997,3.375,7.5
1,青木,566.17,581.17,184.66949999999997,192.16949999999997,15.0,7.5
1,克生,588.67,603.67,184.66949999999997,192.16949999999997,15.0,7.5
1,00-173306,22.769984,47.98498376,192.56949999999995,200.06949999999995,25.214999759999998,7.5
1,宗教思想,71.27000000000001,101.27000000000001,192.56949999999995,200.06949999999995,30.0,7.5
1,2,190.08039999999997,193.45539999999997,192.56949999999995,200.06949999999995,3.375,7.5
1,B,211.46009999999998,214.08509999999998,192.56949999999995,200.06949999999995,2.625,7.5
1,2022,225.17009,235.67009,192.56949999999995,200.06949999999995,10.5,7.5
1,2,243.57999999999998,246.95499999999998,192.66949999999997,200.16949999999997,3.375,7.5
1,枝村,254.36999999999998,269.37,192.56949999999995,200.06949999999995,15.000000000000028,7.5
1,祥平,276.87,291.87,192.56949999999995,200.06949999999995,15.0,7.5
1,00-174203,334.57002,359.78501975999995,192.56949999999995,200.06949999999995,25.214999759999955,7.5
1,経営戦略論Ａ,383.07,428.07,192.56949999999995,200.06949999999995,45.0,7.5
1,2,501.88,505.255,192.56949999999995,200.06949999999995,3.375,7.5
1,F,523.2597,525.8847,192.56949999999995,200.06949999999995,2.625,7.5
1,2024,536.9696899999999,547.4696899999999,192.56949999999995,200.06949999999995,10.5,7.5
1,歌代,566.17,581.17,192.56949999999995,200.06949999999995,15.0,7.5
1,豊,588.67,596.17,192.56949999999995,200.06949999999995,7.5,7.5
1,00-173322,22.769984,47.98498376,200.46949999999993,207.96949999999993,25.214999759999998,7.5
1,文化人類学,71.27000000000001,108.77000000000001,200.46949999999993,207.96949999999993,37.5,7.5
1,2,190.08039999999997,193.45539999999997,200.46949999999993,207.96949999999993,3.375,7.5
1,B,211.46009999999998,214.08509999999998,200.46949999999993,207.96949999999993,2.625,7.5
1,2022,225.17009,235.67009,200.46949999999993,207.96949999999993,10.5,7.5
1,2,243.57999999999998,246.95499999999998,200.56949999999995,208.06949999999995,3.375,7.5
1,石川,254.36999999999998,269.37,200.46949999999993,207.96949999999993,15.000000000000028,7.5
1,浩之,276.87,291.87,200.46949999999993,207.96949999999993,15.0,7.5
1,00-174204,334.57002,359.78501975999995,200.46949999999993,207.96949999999993,25.214999759999955,7.5
1,経営戦略論Ｂ,383.07,428.07,200.46949999999993,207.96949999999993,45.0,7.5
1,2,501.88,505.255,200.46949999999993,207.96949999999993,3.375,7.5
1,C,523.2597,525.8847,200.46949999999993,207.96949999999993,2.625,7.5
1,2024,536.9696899999999,547.4696899999999,200.46949999999993,207.96949999999993,10.5,7.5
1,1,555.3796,558.7546,200.56949999999995,208.06949999999995,3.375,7.5
1,歌代,566.17,581.17,200.46949999999993,207.96949999999993,15.0,7.5
1,豊,588.67,596.17,200.46949999999993,207.96949999999993,7.5,7.5
1,00-173323,22.769984,47.98498376,208.3705,215.8705,25.214999759999998,7.5
1,生理学Ａ,71.27000000000001,101.27000000000001,208.3705,215.8705,30.0,7.5
1,2,190.08039999999997,193.45539999999997,208.3705,215.8705,3.375,7.5
1,C,211.46009999999998,214.08509999999998,208.3705,215.8705,2.625,7.5
1,2022,225.17009,235.67009,208.3705,215.8705,10.5,7.5
1,1,243.57999999999998,246.95499999999998,208.46949999999993,215.96949999999993,3.375,7.5
1,一之瀬,254.36999999999998,276.87,208.3705,215.8705,22.50000000000003,7.5
1,真志,284.37,299.37,208.3705,215.8705,15.0,7.5
1,00-174211,334.57002,359.78501975999995,208.3705,215.8705,25.214999759999955,7.5
1,中小企業論,383.07,420.57,208.3705,215.8705,37.5,7.5
1,2,501.88,505.255,208.3705,215.8705,3.375,7.5
1,B,523.2597,525.8847,208.3705,215.8705,2.625,7.5
1,2024,536.9696899999999,547.4696899999999,208.3705,215.8705,10.5,7.5
1,2,555.3796,558.7546,208.46949999999993,215.96949999999993,3.375,7.5
1,岡田,566.17,581.17,208.3705,215.8705,15.0,7.5
1,浩一,588.67,603.67,208.3705,215.8705,15.0,7.5
1,単,680.17,687.17,206.9699999999999,213.9699999999999,7.0,7.0
1,位,698.77,705.77,206.9699999999999,213.9699999999999,7.0,7.0
1,修,717.37,724.37,206.9699999999999,213.9699999999999,7.0,7.0
1,得,735.9699999999999,742.9699999999999,206.9699999999999,213.9699999999999,7.0,7.0
1,状,754.5699999999999,761.5699999999999,206.9699999999999,213.9699999999999,7.0,7.0
1,況,773.17,780.17,206.9699999999999,213.9699999999999,7.0,7.0
1,単,807.37,811.37,210.4699999999999,214.4699999999999,4.0,4.0
1,必,807.67,811.67,206.4699999999999,210.4699999999999,4.0,4.0
1,位,811.37,815.37,210.4699999999999,214.4699999999999,4.0,4.0
1,要,811.67,815.67,206.4699999999999,210.4699999999999,4.0,4.0
1,数,815.37,819.37,210.4699999999999,214.4699999999999,4.0,4.0
1,25,825.674,832.0740000000001,206.47000000000003,214.47000000000003,6.400000000000091,8.0
1,24,840.274,846.6740000000001,206.47000000000003,214.47000000000003,6.400000000000091,8.0
1,23,854.874,861.2740000000001,206.47000000000003,214.47000000000003,6.400000000000091,8.0
1,22,869.474,875.8740000000001,206.47000000000003,214.47000000000003,6.400000000000091,8.0
1,合計,937.0699999999999,954.0699999999999,207.06999999999994,214.06999999999994,17.0,7.0
1,00-173324,22.769984,47.98498376,216.27049999999997,223.77049999999997,25.214999759999998,7.5
1,生理学Ｂ,71.27000000000001,101.27000000000001,216.27049999999997,223.77049999999997,30.0,7.5
1,2,190.08039999999997,193.45539999999997,216.27049999999997,223.77049999999997,3.375,7.5
1,B,211.46009999999998,214.08509999999998,216.27049999999997,223.77049999999997,2.625,7.5
1,2022,225.17009,235.67009,216.27049999999997,223.77049999999997,10.5,7.5
1,2,243.57999999999998,246.95499999999998,216.3705,223.8705,3.375,7.5
1,一之瀬,254.36999999999998,276.87,216.27049999999997,223.77049999999997,22.50000000000003,7.5
1,真志,284.37,299.37,216.27049999999997,223.77049999999997,15.0,7.5
1,00-174241,334.57002,359.78501975999995,216.27049999999997,223.77049999999997,25.214999759999955,7.5
1,比較経営論（西欧）Ａ,383.07,458.07,216.27049999999997,223.77049999999997,75.0,7.5
1,2,501.88,505.255,216.27049999999997,223.77049999999997,3.375,7.5
1,A,523.2597,525.8847,216.27049999999997,223.77049999999997,2.625,7.5
1,2025,536.9696899999999,547.4696899999999,216.27049999999997,223.77049999999997,10.5,7.5
1,3,555.3796,558.7546,216.3705,223.8705,3.375,7.5
1,林,566.17,573.67,216.27049999999997,223.77049999999997,7.5,7.5
1,薫子,581.17,596.17,216.27049999999997,223.77049999999997,15.0,7.5
1,学部必修科目区分,645.9699999999999,705.9699999999999,216.56949999999995,224.06949999999995,60.0,7.5
1,12,810.9625,816.5875,216.56949999999995,224.06949999999995,5.625,7.5
1,4,841.9624749999999,844.7749749999999,216.56949999999995,224.06949999999995,2.8125,7.5
1,8,870.7624749999999,873.5749749999999,216.56949999999995,224.06949999999995,2.8125,7.5
1,12,942.7624749999999,948.3874749999999,216.56949999999995,224.06949999999995,5.625,7.5
1,00-173338,22.769984,47.98498376,224.16949999999997,231.66949999999997,25.214999759999998,7.5
1,日本文学Ａ,71.27000000000001,108.77000000000001,224.16949999999997,231.66949999999997,37.5,7.5
1,2,190.08039999999997,193.45539999999997,224.16949999999997,231.66949999999997,3.375,7.5
1,C,211.46009999999998,214.08509999999998,224.16949999999997,231.66949999999997,2.625,7.5
1,2025,225.17009,235.67009,224.16949999999997,231.66949999999997,10.5,7.5
1,1,243.57999999999998,246.95499999999998,224.27049999999997,231.77049999999997,3.375,7.5
1,高橋,254.36999999999998,269.37,224.16949999999997,231.66949999999997,15.000000000000028,7.5
1,雄生,276.87,291.87,224.16949999999997,231.66949999999997,15.0,7.5
1,00-174245,334.57002,359.78501975999995,224.16949999999997,231.66949999999997,25.214999759999955,7.5
1,比較経営論（中国）Ａ,383.07,458.07,224.16949999999997,231.66949999999997,75.0,7.5
1,2,501.88,505.255,224.16949999999997,231.66949999999997,3.375,7.5
1,C,523.2597,525.8847,224.16949999999997,231.66949999999997,2.625,7.5
1,2025,536.9696899999999,547.4696899999999,224.16949999999997,231.66949999999997,10.5,7.5
1,1,555.3796,558.7546,224.27049999999997,231.77049999999997,3.375,7.5
1,,566.17,573.67,224.16949999999997,231.66949999999997,7.5,7.5
1,燕書,581.17,596.17,224.16949999999997,231.66949999999997,15.0,7.5
1,教養科目区分,645.9699999999999,690.9699999999999,224.46949999999993,231.96949999999993,45.0,7.5
1,24,810.9625,816.5875,224.46949999999993,231.96949999999993,5.625,7.5
1,2,827.562475,830.374975,224.46949999999993,231.96949999999993,2.8125,7.5
1,2,856.3624749999999,859.1749749999999,224.46949999999993,231.96949999999993,2.8125,7.5
1,14,869.3624499999999,874.9874499999999,224.46949999999993,231.96949999999993,5.625,7.5
1,18,942.7624749999999,948.3874749999999,224.46949999999993,231.96949999999993,5.625,7.5
1,00-173352,22.769984,47.98498376,232.06949999999995,239.56949999999995,25.214999759999998,7.5
1,教養演習Ｂ,71.27000000000001,108.77000000000001,232.06949999999995,239.56949999999995,37.5,7.5
1,2,190.08039999999997,193.45539999999997,232.06949999999995,239.56949999999995,3.375,7.5
1,C,211.46009999999998,214.08509999999998,232.06949999999995,239.56949999999995,2.625,7.5
1,2023,225.17009,235.67009,232.06949999999995,239.56949999999995,10.5,7.5
1,1,243.57999999999998,246.95499999999998,232.16949999999997,239.66949999999997,3.375,7.5
1,高,254.36999999999998,261.87,232.06949999999995,239.56949999999995,7.500000000000028,7.5
1,巖,269.37,276.87,232.06949999999995,239.56949999999995,7.5,7.5
1,00-174247,334.57002,359.78501975999995,232.06949999999995,239.56949999999995,25.214999759999955,7.5
1,経営学特別講義Ａ,383.07,443.07,232.06949999999995,239.56949999999995,60.0,7.5
1,2,501.88,505.255,232.06949999999995,239.56949999999995,3.375,7.5
1,B,523.2597,525.8847,232.06949999999995,239.56949999999995,2.625,7.5
1,2025,536.9696899999999,547.4696899999999,232.06949999999995,239.56949999999995,10.5,7.5
1,2,555.3796,558.7546,232.16949999999997,239.66949999999997,3.375,7.5
1,金野,566.17,581.17,232.06949999999995,239.56949999999995,15.0,7.5
1,索一,588.67,603.67,232.06949999999995,239.56949999999995,15.0,7.5
1,外国語科目区分,645.9699999999999,698.4699999999999,232.3705,239.8705,52.5,7.5
1,16,810.9625,816.5875,232.3705,239.8705,5.625,7.5
1,6,827.562475,830.374975,232.3705,239.8705,2.8125,7.5
1,6,856.3624749999999,859.1749749999999,232.3705,239.8705,2.8125,7.5
1,5,870.7624749999999,873.5749749999999,232.3705,239.8705,2.8125,7.5
1,17,942.7624749999999,948.3874749999999,232.3705,239.8705,5.625,7.5
1,00-173357,22.769984,47.98498376,239.96949999999993,247.46949999999993,25.214999759999998,7.5
1,経営総合講義Ａ,71.27000000000001,123.77000000000001,239.96949999999993,247.46949999999993,52.5,7.5
1,2,190.08039999999997,193.45539999999997,239.96949999999993,247.46949999999993,3.375,7.5
1,A,211.46009999999998,214.08509999999998,239.96949999999993,247.46949999999993,2.625,7.5
1,2022,225.17009,235.67009,239.96949999999993,247.46949999999993,10.5,7.5
1,3,243.57999999999998,246.95499999999998,240.06949999999995,247.56949999999995,3.375,7.5
1,高木,254.36999999999998,269.37,239.96949999999993,247.46949999999993,15.000000000000028,7.5
1,俊雄,276.87,291.87,239.96949999999993,247.46949999999993,15.0,7.5
1,00-174248,334.57002,359.78501975999995,239.96949999999993,247.46949999999993,25.214999759999955,7.5
1,経営学特別講義Ｂ,383.07,443.07,239.96949999999993,247.46949999999993,60.0,7.5
1,2,501.88,505.255,239.96949999999993,247.46949999999993,3.375,7.5
1,B,523.2597,525.8847,239.96949999999993,247.46949999999993,2.625,7.5
1,2024,536.9696899999999,547.4696899999999,239.96949999999993,247.46949999999993,10.5,7.5
1,2,555.3796,558.7546,240.06949999999995,247.56949999999995,3.375,7.5
1,岡田,566.17,581.17,239.96949999999993,247.46949999999993,15.0,7.5
1,浩一,588.67,603.67,239.96949999999993,247.46949999999993,15.0,7.5
1,体育実技科目区分,645.9699999999999,705.9699999999999,240.27049999999997,247.77049999999997,60.0,7.5
1,2,812.3575,815.17,240.27049999999997,247.77049999999997,2.8125,7.5
1,2,870.757525,873.570025,240.27049999999997,247.77049999999997,2.8125,7.5
1,2,944.15755,946.97005,240.27049999999997,247.77049999999997,2.8125,7.5
1,00-173359,22.769984,47.98498376,247.8705,255.3705,25.214999759999998,7.5
1,地理学Ａ,71.27000000000001,101.27000000000001,247.8705,255.3705,30.0,7.5
1,2,190.08039999999997,193.45539999999997,247.8705,255.3705,3.375,7.5
1,F,211.46009999999998,214.08509999999998,247.8705,255.3705,2.625,7.5
1,2023,225.17009,235.67009,247.8705,255.3705,10.5,7.5
1,中澤,254.36999999999998,269.37,247.8705,255.3705,15.000000000000028,7.5
1,高志,276.87,291.87,247.8705,255.3705,15.0,7.5
1,00-174267,334.57002,359.78501975999995,247.8705,255.3705,25.214999759999955,7.5
1,経営文化論Ａ,383.07,428.07,247.8705,255.3705,45.0,7.5
1,2,501.88,505.255,247.8705,255.3705,3.375,7.5
1,S,523.2597,525.8847,247.8705,255.3705,2.625,7.5
1,2024,536.9696899999999,547.4696899999999,247.8705,255.3705,10.5,7.5
1,4,555.3796,558.7546,247.96949999999993,255.46949999999993,3.375,7.5
1,中畑,566.17,581.17,247.8705,255.3705,15.0,7.5
1,充弘,588.67,603.67,247.8705,255.3705,15.0,7.5
1,経営学科基礎専門科目,645.9699999999999,720.9699999999999,248.16949999999997,255.66949999999997,75.0,7.5
1,14,810.9625,816.5875,248.16949999999997,255.66949999999997,5.625,7.5
1,4,827.562475,830.374975,248.16949999999997,255.66949999999997,2.8125,7.5
1,4,841.9624749999999,844.7749749999999,248.16949999999997,255.66949999999997,2.8125,7.5
1,6,856.3624749999999,859.1749749999999,248.16949999999997,255.66949999999997,2.8125,7.5
1,14,942.7624749999999,948.3874749999999,248.16949999999997,255.66949999999997,5.625,7.5
1,00-173360,22.769984,47.98498376,255.77049999999997,263.27049999999997,25.214999759999998,7.5
1,地理学Ｂ,71.27000000000001,101.27000000000001,255.77049999999997,263.27049999999997,30.0,7.5
1,2,190.08039999999997,193.45539999999997,255.77049999999997,263.27049999999997,3.375,7.5
1,C,211.46009999999998,214.08509999999998,255.77049999999997,263.27049999999997,2.625,7.5
1,2022,225.17009,235.67009,255.77049999999997,263.27049999999997,10.5,7.5
1,1,243.57999999999998,246.95499999999998,255.8705,263.3705,3.375,7.5
1,中澤,254.36999999999998,269.37,255.77049999999997,263.27049999999997,15.000000000000028,7.5
1,高志,276.87,291.87,255.77049999999997,263.27049999999997,15.0,7.5
1,00-174268,334.57002,359.78501975999995,255.77049999999997,263.27049999999997,25.214999759999955,7.5
1,経営文化論Ｂ,383.07,428.07,255.77049999999997,263.27049999999997,45.0,7.5
1,2,501.88,505.255,255.77049999999997,263.27049999999997,3.375,7.5
1,S,523.2597,525.8847,255.77049999999997,263.27049999999997,2.625,7.5
1,2024,536.9696899999999,547.4696899999999,255.77049999999997,263.27049999999997,10.5,7.5
1,4,555.3796,558.7546,255.8705,263.3705,3.375,7.5
1,中畑,566.17,581.17,255.77049999999997,263.27049999999997,15.0,7.5
1,充弘,588.67,603.67,255.77049999999997,263.27049999999997,15.0,7.5
1,経営学科専門科目,645.9699999999999,705.9699999999999,256.06949999999995,263.56949999999995,60.0,7.5
1,32,810.9625,816.5875,256.06949999999995,263.56949999999995,5.625,7.5
1,8,827.562475,830.374975,256.06949999999995,263.56949999999995,2.8125,7.5
1,14,840.5624499999999,846.1874499999999,256.06949999999995,263.56949999999995,5.625,7.5
1,6,856.3624749999999,859.1749749999999,256.06949999999995,263.56949999999995,2.8125,7.5
1,28,942.7624749999999,948.3874749999999,256.06949999999995,263.56949999999995,5.625,7.5
1,00-173363,22.769984,47.98498376,263.66949999999997,271.16949999999997,25.214999759999998,7.5
1,レポート・論文作成法,71.27000000000001,146.27,263.66949999999997,271.16949999999997,75.0,7.5
1,2,190.08039999999997,193.45539999999997,263.66949999999997,271.16949999999997,3.375,7.5
1,T,211.46009999999998,214.08509999999998,263.66949999999997,271.16949999999997,2.625,7.5
1,2023,225.17009,235.67009,263.66949999999997,271.16949999999997,10.5,7.5
1,田原,254.36999999999998,269.37,263.66949999999997,271.16949999999997,15.000000000000028,7.5
1,加奈子,276.87,299.37,263.66949999999997,271.16949999999997,22.5,7.5
1,00-174273,334.57002,359.78501975999995,263.66949999999997,271.16949999999997,25.214999759999955,7.5
1,雇用関係論,383.07,420.57,263.66949999999997,271.16949999999997,37.5,7.5
1,2,501.88,505.255,263.66949999999997,271.16949999999997,3.375,7.5
1,C,523.2597,525.8847,263.66949999999997,271.16949999999997,2.625,7.5
1,2024,536.9696899999999,547.4696899999999,263.66949999999997,271.16949999999997,10.5,7.5
1,1,555.3796,558.7546,263.77049999999997,271.27049999999997,3.375,7.5
1,石塚,566.17,581.17,263.66949999999997,271.16949999999997,15.0,7.5
1,史樹,588.67,603.67,263.66949999999997,271.16949999999997,15.0,7.5
1,他学科専門科目,645.9699999999999,698.4699999999999,263.9694999999999,271.4694999999999,52.5,7.5
1,2,827.56,830.3725,263.9694999999999,271.4694999999999,2.8125,7.5
1,2,944.16025,946.97275,263.9694999999999,271.4694999999999,2.8125,7.5
1,00-173364,22.769984,47.98498376,271.56949999999995,279.06949999999995,25.214999759999998,7.5
1,言語表現論,71.27000000000001,108.77000000000001,271.56949999999995,279.06949999999995,37.5,7.5
1,2,190.08039999999997,193.45539999999997,271.56949999999995,279.06949999999995,3.375,7.5
1,T,211.46009999999998,214.08509999999998,271.56949999999995,279.06949999999995,2.625,7.5
1,2022,225.17009,235.67009,271.56949999999995,279.06949999999995,10.5,7.5
1,森田,254.36999999999998,269.37,271.56949999999995,279.06949999999995,15.000000000000028,7.5
1,直美,276.87,291.87,271.56949999999995,279.06949999999995,15.0,7.5
1,00-175202,334.57002,359.78501975999995,271.56949999999995,279.06949999999995,25.214999759999955,7.5
1,イノベーション・マネジメントＢ,382.769619976,493.719619864,271.56949999999995,279.06949999999995,110.94999988799998,7.5
1,2,501.88,505.255,271.56949999999995,279.06949999999995,3.375,7.5
1,T,523.2597,525.8847,271.56949999999995,279.06949999999995,2.625,7.5
1,2024,536.9696899999999,547.4696899999999,271.56949999999995,279.06949999999995,10.5,7.5
1,新宅,566.17,581.17,271.56949999999995,279.06949999999995,15.0,7.5
1,純二郎,588.67,611.17,271.56949999999995,279.06949999999995,22.5,7.5
1,経営学科教職専門科目,645.9699999999999,720.9699999999999,271.8694999999999,279.3694999999999,75.0,7.5
1,00-173387,22.769984,47.98498376,279.4694999999999,286.9695,25.214999759999998,7.500000000000057
1,Global,71.27,93.77,279.4694999999999,286.9695,22.5,7.500000000000057
1,Issues,97.52,120.02,279.4694999999999,286.9695,22.5,7.500000000000057
1,C,123.77,127.52,279.4694999999999,286.9695,3.75,7.500000000000057
1,2,190.08039999999997,193.45539999999997,279.4694999999999,286.9695,3.375,7.500000000000057
1,F,211.46009999999998,214.08509999999998,279.4694999999999,286.9695,2.625,7.500000000000057
1,2025,225.17009,235.67009,279.4694999999999,286.9695,10.5,7.500000000000057
1,ウォッシュ，イアン,254.37030000000001,304.32030000000003,279.4694999999999,286.9695,49.95000000000002,7.500000000000057
1,外国語を用いた科目,375.57,443.07,279.4694999999999,286.9695,67.5,7.500000000000057
1,実習関連科目,645.9699999999999,690.9699999999999,279.7694999999999,287.26949999999994,45.0,7.500000000000057
1,2,827.56,830.3725,279.77049999999997,287.2705,2.8125,7.500000000000057
1,2,944.16025,946.97275,279.77049999999997,287.2705,2.8125,7.500000000000057
1,外国語科目,48.77,86.27000000000001,287.37050000000005,294.87050000000005,37.50000000000001,7.5
1,00-175203,334.57002,359.78501975999995,287.37050000000005,294.87050000000005,25.214999759999955,7.5
1,経営学外国書講読Ａ,383.07,450.57,287.37050000000005,294.87050000000005,67.5,7.5
1,2,501.88,505.255,287.37050000000005,294.87050000000005,3.375,7.5
1,B,523.2597,525.8847,287.37050000000005,294.87050000000005,2.625,7.5
1,2025,536.9696899999999,547.4696899999999,287.37050000000005,294.87050000000005,10.5,7.5
1,2,555.3796,558.7546,287.4705000000001,294.9705000000001,3.375,7.5
1,山下,566.17,581.17,287.37050000000005,294.87050000000005,15.0,7.5
1,智佳,588.67,603.67,287.37050000000005,294.87050000000005,15.0,7.5
1,ＩＣＴリテラシー科目,645.9699999999999,720.9699999999999,287.6695,295.1695,75.0,7.5
1,2,827.56,830.3725,287.6695,295.1695,2.8125,7.5
1,2,944.16025,946.97275,287.6695,295.1695,2.8125,7.5
1,英語,56.27,71.27000000000001,295.2705,302.7705,15.000000000000007,7.5
1,経営学科基礎専門科目,360.57000000000005,435.57000000000005,295.2705,302.7705,75.0,7.5
1,演習科目（演習Ⅰ）,645.9699999999999,713.4699999999999,295.57050000000004,303.07050000000004,67.5,7.5
1,演習科目（演習ⅡA～ⅢB）,645.9699999999999,735.9699999999999,303.4705000000001,310.9705000000001,90.0,7.5
1,00-173401,22.769984,47.98498376,311.0695,318.5695,25.214999759999998,7.5
1,英語（初級）Ａ,71.27000000000001,123.77000000000001,311.0695,318.5695,52.5,7.5
1,1,190.08039999999997,193.45539999999997,311.0695,318.5695,3.375,7.5
1,S,211.46009999999998,214.08509999999998,311.0695,318.5695,2.625,7.5
1,2022,225.17009,235.67009,311.0695,318.5695,10.5,7.5
1,4,243.57999999999998,246.95499999999998,311.1695,318.6695,3.375,7.5
1,スティーブンス，サイ,254.36974,304.31974014400004,311.0695,318.5695,49.95000014400003,7.5
1,日本語を用いた科目,375.57,443.07,311.0695,318.5695,67.5,7.5
1,全学共通総合講座,645.9699999999999,705.9699999999999,311.3695,318.8695,60.0,7.5
1,00-173401,22.769984,47.98498376,318.9705,326.4705,25.214999759999998,7.5
1,英語（初級）Ａ,71.27000000000001,123.77000000000001,318.9705,326.4705,52.5,7.5
1,1,190.08039999999997,193.45539999999997,318.9705,326.4705,3.375,7.5
1,T,211.46009999999998,214.08509999999998,318.9705,326.4705,2.625,7.5
1,2022,225.17009,235.67009,318.9705,326.4705,10.5,7.5
1,生越,254.36999999999998,269.37,318.9705,326.4705,15.000000000000028,7.5
1,秀子,276.87,291.87,318.9705,326.4705,15.0,7.5
1,00-173005,334.57002,359.78501975999995,318.9705,326.4705,25.214999759999955,7.5
1,簿記論Ⅰ,383.07,413.07,318.9705,326.4705,30.0,7.5
1,2,501.88,505.255,318.9705,326.4705,3.375,7.5
1,T,523.2597,525.8847,318.9705,326.4705,2.625,7.5
1,2022,536.9696899999999,547.4696899999999,318.9705,326.4705,10.5,7.5
1,広原,566.17,581.17,318.9705,326.4705,15.0,7.5
1,雄二,588.67,603.67,318.9705,326.4705,15.0,7.5
1,国際教育プログラム科目,645.9699999999999,728.4699999999999,319.2705,326.7705,82.5,7.5
1,00-173401,22.769984,47.98498376,326.8695,334.3695,25.214999759999998,7.5
1,英語（初級）Ａ,71.27000000000001,123.77000000000001,326.8695,334.3695,52.5,7.5
1,1,190.08039999999997,193.45539999999997,326.8695,334.3695,3.375,7.5
1,B,211.46009999999998,214.08509999999998,326.8695,334.3695,2.625,7.5
1,2023,225.17009,235.67009,326.8695,334.3695,10.5,7.5
1,2,243.57999999999998,246.95499999999998,326.9705,334.4705,3.375,7.5
1,廣瀬,254.36999999999998,269.37,326.8695,334.3695,15.000000000000028,7.5
1,絵美,276.87,291.87,326.8695,334.3695,15.0,7.5
1,00-173005,334.57002,359.78501975999995,326.8695,334.3695,25.214999759999955,7.5
1,簿記論Ⅰ,383.07,413.07,326.8695,334.3695,30.0,7.5
1,2,501.88,505.255,326.8695,334.3695,3.375,7.5
1,B,523.2597,525.8847,326.8695,334.3695,2.625,7.5
1,2023,536.9696899999999,547.4696899999999,326.8695,334.3695,10.5,7.5
1,2,555.3796,558.7546,326.9705,334.4705,3.375,7.5
1,大野,566.17,581.17,326.8695,334.3695,15.0,7.5
1,智弘,588.67,603.67,326.8695,334.3695,15.0,7.5
1,グローバル人材育成プログラム科目,645.9699999999999,765.9699999999999,327.1695,334.6695,120.0,7.5
1,2,827.56,830.3725,327.1695,334.6695,2.8125,7.5
1,2,944.16025,946.97275,327.1695,334.6695,2.8125,7.5
1,00-173402,22.769984,47.98498376,334.7705,342.2705,25.214999759999998,7.5
1,英語（初級）Ｂ,71.27000000000001,123.77000000000001,334.7705,342.2705,52.5,7.5
1,1,190.08039999999997,193.45539999999997,334.7705,342.2705,3.375,7.5
1,A,211.46009999999998,214.08509999999998,334.7705,342.2705,2.625,7.5
1,2022,225.17009,235.67009,334.7705,342.2705,10.5,7.5
1,3,243.57999999999998,246.95499999999998,334.8695,342.3695,3.375,7.5
1,スティーブンス，サイ,254.36974,304.31974014400004,334.7705,342.2705,49.95000014400003,7.5
1,00-173006,334.57002,359.78501975999995,334.7705,342.2705,25.214999759999955,7.5
1,簿記論Ⅱ,383.07,413.07,334.7705,342.2705,30.0,7.5
1,2,501.88,505.255,334.7705,342.2705,3.375,7.5
1,B,523.2597,525.8847,334.7705,342.2705,2.625,7.5
1,2023,536.9696899999999,547.4696899999999,334.7705,342.2705,10.5,7.5
1,2,555.3796,558.7546,334.8695,342.3695,3.375,7.5
1,大野,566.17,581.17,334.7705,342.2705,15.0,7.5
1,智弘,588.67,603.67,334.7705,342.2705,15.0,7.5
1,他学部科目,645.9699999999999,683.4699999999999,335.0695,342.5695,37.5,7.5
1,00-173402,22.769984,47.98498376,342.6695,350.1695,25.214999759999998,7.5
1,英語（初級）Ｂ,71.27000000000001,123.77000000000001,342.6695,350.1695,52.5,7.5
1,1,190.08039999999997,193.45539999999997,342.6695,350.1695,3.375,7.5
1,T,211.46009999999998,214.08509999999998,342.6695,350.1695,2.625,7.5
1,2022,225.17009,235.67009,342.6695,350.1695,10.5,7.5
1,生越,254.36999999999998,269.37,342.6695,350.1695,15.000000000000028,7.5
1,秀子,276.87,291.87,342.6695,350.1695,15.0,7.5
1,00-175003,334.57002,359.78501975999995,342.6695,350.1695,25.214999759999955,7.5
1,ビジネス・エコノミックスＡ,383.07,480.57,342.6695,350.1695,97.5,7.5
1,2,501.88,505.255,342.6695,350.1695,3.375,7.5
1,C,523.2597,525.8847,342.6695,350.1695,2.625,7.5
1,2025,536.9696899999999,547.4696899999999,342.6695,350.1695,10.5,7.5
1,1,555.3796,558.7546,342.7705,350.2705,3.375,7.5
1,三上,566.17,581.17,342.6695,350.1695,15.0,7.5
1,真寛,588.67,603.67,342.6695,350.1695,15.0,7.5
1,*,627.04,630.79,342.6695,350.1695,3.75,7.5
1,合,690.9699999999999,698.4699999999999,342.9705,350.4705,7.5,7.5
1,計,713.4699999999999,720.9699999999999,342.9705,350.4705,7.5,7.5
1,124,809.5524999999999,817.9899999999999,342.9705,350.4705,8.4375,7.5
1,28,826.1625249999998,831.7875249999998,342.9705,350.4705,5.625,7.5
1,22,840.5625249999998,846.1875249999998,342.9705,350.4705,5.625,7.5
1,20,854.9625249999998,860.5875249999998,342.9705,350.4705,5.625,7.5
1,29,869.3625249999998,874.9875249999998,342.9705,350.4705,5.625,7.5
1,99,942.7625499999998,948.3875499999998,342.9705,350.4705,5.625,7.5
1,00-173402,22.769984,47.98498376,350.5695,358.0695,25.214999759999998,7.5
1,英語（初級）Ｂ,71.27000000000001,123.77000000000001,350.5695,358.0695,52.5,7.5
1,1,190.08039999999997,193.45539999999997,350.5695,358.0695,3.375,7.5
1,C,211.46009999999998,214.08509999999998,350.5695,358.0695,2.625,7.5
1,2023,225.17009,235.67009,350.5695,358.0695,10.5,7.5
1,1,243.57999999999998,246.95499999999998,350.6695,358.1695,3.375,7.5
1,奥井,254.36999999999998,269.37,350.5695,358.0695,15.000000000000028,7.5
1,裕,276.87,284.37,350.5695,358.0695,7.5,7.5
1,00-175008,334.57002,359.78501975999995,350.5695,358.0695,25.214999759999955,7.5
1,経営史Ｂ,383.07,413.07,350.5695,358.0695,30.0,7.5
1,2,501.88,505.255,350.5695,358.0695,3.375,7.5
1,T,523.2597,525.8847,350.5695,358.0695,2.625,7.5
1,2023,536.9696899999999,547.4696899999999,350.5695,358.0695,10.5,7.5
1,宮田,566.17,581.17,350.5695,358.0695,15.0,7.5
1,憲一,588.67,603.67,350.5695,358.0695,15.0,7.5
1,大学院経営学研究科設置科目,653.4699999999999,750.9699999999999,350.8695,358.3695,97.5,7.5
1,初習外国語,56.26999999999991,93.76999999999991,358.46950000000004,365.96950000000004,37.5,7.5
1,00-175014,334.57002,359.78501975999995,358.4705,365.9705,25.214999759999955,7.5
1,経営社会学,383.07,420.57,358.4705,365.9705,37.5,7.5
1,2,501.88,505.255,358.4705,365.9705,3.375,7.5
1,B,523.2597,525.8847,358.4705,365.9705,2.625,7.5
1,2024,536.9696899999999,547.4696899999999,358.4705,365.9705,10.5,7.5
1,2,555.3796,558.7546,358.5695,366.0695,3.375,7.5
1,山下,566.17,581.17,358.4705,365.9705,15.0,7.5
1,充,588.67,596.17,358.4705,365.9705,7.5,7.5
1,*,627.04,630.79,358.4705,365.9705,3.75,7.5
1,専門職大学院ガバナンス研究科設置科目,653.4699999999999,788.4699999999999,358.7705,366.2705,135.0,7.5
1,00-175021,334.57002,359.78501975999995,366.3695,373.8695,25.214999759999955,7.5
1,経済地理学Ａ,383.07,428.07,366.3695,373.8695,45.0,7.5
1,2,501.88,505.255,366.3695,373.8695,3.375,7.5
1,F,523.2597,525.8847,366.3695,373.8695,2.625,7.5
1,2024,536.9696899999999,547.4696899999999,366.3695,373.8695,10.5,7.5
1,中澤,566.17,581.17,366.3695,373.8695,15.0,7.5
1,高志,588.67,603.67,366.3695,373.8695,15.0,7.5
1,専門職大学院会計専門職研究科設置科目,653.4699999999999,788.4699999999999,366.6695,374.1695,135.0,7.5
1,00-173413,22.769984,47.98498376,374.2705,381.7705,25.214999759999998,7.5
1,中国語（初級）Ⅰ,71.27000000000001,131.27,374.2705,381.7705,60.0,7.5
1,1,190.08039999999997,193.45539999999997,374.2705,381.7705,3.375,7.5
1,C,211.46009999999998,214.08509999999998,374.2705,381.7705,2.625,7.5
1,2022,225.17009,235.67009,374.2705,381.7705,10.5,7.5
1,1,243.57999999999998,246.95499999999998,374.3695,381.8695,3.375,7.5
1,石野,254.36999999999998,269.37,374.2705,381.7705,15.000000000000028,7.5
1,智大,276.87,291.87,374.2705,381.7705,15.0,7.5
1,00-175054,334.57002,359.78501975999995,374.2705,381.7705,25.214999759999955,7.5
1,基礎専門特別講義Ｂ,383.07,450.57,374.2705,381.7705,67.5,7.5
1,2,501.88,505.255,374.2705,381.7705,3.375,7.5
1,C,523.2597,525.8847,374.2705,381.7705,2.625,7.5
1,2023,536.9696899999999,547.4696899999999,374.2705,381.7705,10.5,7.5
1,1,555.3796,558.7546,374.3695,381.8695,3.375,7.5
1,宮田,566.17,581.17,374.2705,381.7705,15.0,7.5
1,憲一,588.67,603.67,374.2705,381.7705,15.0,7.5
1,資格等関係科目,653.4699999999999,705.9699999999999,374.5695,382.0695,52.5,7.5
1,00-173413,22.769984,47.98498376,382.1695,389.6695,25.214999759999998,7.5
1,中国語（初級）Ⅰ,71.27000000000001,131.27,382.1695,389.6695,60.0,7.5
1,1,190.08039999999997,193.45539999999997,382.1695,389.6695,3.375,7.5
1,C,211.46009999999998,214.08509999999998,382.1695,389.6695,2.625,7.5
1,2022,225.17009,235.67009,382.1695,389.6695,10.5,7.5
1,1,243.57999999999998,246.95499999999998,382.2705,389.7705,3.375,7.5
1,遠藤,254.36999999999998,269.37,382.1695,389.6695,15.000000000000028,7.5
1,絢,276.87,284.37,382.1695,389.6695,7.5,7.5
1,00-175093,334.57002,359.78501975999995,382.1695,389.6695,25.214999759999955,7.5
1,経営心理学,383.07,420.57,382.1695,389.6695,37.5,7.5
1,2,501.88,505.255,382.1695,389.6695,3.375,7.5
1,B,523.2597,525.8847,382.1695,389.6695,2.625,7.5
1,2024,536.9696899999999,547.4696899999999,382.1695,389.6695,10.5,7.5
1,2,555.3796,558.7546,382.2705,389.7705,3.375,7.5
1,中西,566.17,581.17,382.1695,389.6695,15.0,7.5
1,晶,588.67,596.17,382.1695,389.6695,7.5,7.5
1,*,627.04,630.79,382.1695,389.6695,3.75,7.5
1,総,690.9699999999999,698.4699999999999,382.4705,389.9705,7.5,7.5
1,合,705.9699999999999,713.4699999999999,382.4705,389.9705,7.5,7.5
1,計,720.9699999999999,728.4699999999999,382.4705,389.9705,7.5,7.5
1,28,826.1575,831.7825,382.4705,389.9705,5.625,7.5
1,22,840.5575,846.1825,382.4705,389.9705,5.625,7.5
1,20,854.9575,860.5825,382.4705,389.9705,5.625,7.5
1,29,869.3575,874.9825,382.4705,389.9705,5.625,7.5
1,99,942.757525,948.382525,382.4705,389.9705,5.625,7.5
1,00-173414,22.769984,47.98498376,390.0695,397.5695,25.214999759999998,7.5
1,中国語（初級）Ⅱ,71.27000000000001,131.27,390.0695,397.5695,60.0,7.5
1,1,190.08039999999997,193.45539999999997,390.0695,397.5695,3.375,7.5
1,F,211.46009999999998,214.08509999999998,390.0695,397.5695,2.625,7.5
1,2022,225.17009,235.67009,390.0695,397.5695,10.5,7.5
1,石野,254.36999999999998,269.37,390.0695,397.5695,15.000000000000028,7.5
1,智大,276.87,291.87,390.0695,397.5695,15.0,7.5
1,外国語を用いた科目,375.57,443.07,390.0695,397.5695,67.5,7.5
1,備,690.9699999999999,698.4699999999999,390.3695,397.8695,7.5,7.5
1,考（各科目区分の詳細）,713.4699999999999,795.9699999999999,390.3695,397.8695,82.5,7.5
1,00-173414,22.769984,47.98498376,397.9705,405.4705,25.214999759999998,7.5
1,中国語（初級）Ⅱ,71.27000000000001,131.27,397.9705,405.4705,60.0,7.5
1,1,190.08039999999997,193.45539999999997,397.9705,405.4705,3.375,7.5
1,C,211.46009999999998,214.08509999999998,397.9705,405.4705,2.625,7.5
1,2022,225.17009,235.67009,397.9705,405.4705,10.5,7.5
1,1,243.57999999999998,246.95499999999998,398.0695,405.5695,3.375,7.5
1,遠藤,254.36999999999998,269.37,397.9705,405.4705,15.000000000000028,7.5
1,絢,276.87,284.37,397.9705,405.4705,7.5,7.5
1,00-175094,334.57002,359.78501975999995,397.9705,405.4705,25.214999759999955,7.5
1,Business,383.07,413.07,397.9705,405.4705,30.0,7.5
1,English,416.82,443.07,397.9705,405.4705,26.25,7.5
1,A,446.82,450.57,397.9705,405.4705,3.75,7.5
1,2,501.88,505.255,397.9705,405.4705,3.375,7.5
1,T,523.2597,525.8847,397.9705,405.4705,2.625,7.5
1,2024,536.9696899999999,547.4696899999999,397.9705,405.4705,10.5,7.5
1,増山,566.17,581.17,397.9705,405.4705,15.0,7.5
1,隆,588.67,596.17,397.9705,405.4705,7.5,7.5
1,外国語科目区分,645.9699999999999,698.4699999999999,398.2705,405.7705,52.5,7.5
1,6,827.56,830.3725,398.2705,405.7705,2.8125,7.5
1,6,856.3599999999999,859.1724999999999,398.2705,405.7705,2.8125,7.5
1,5,870.7599999999999,873.5724999999999,398.2705,405.7705,2.8125,7.5
1,17,942.7599999999999,948.3849999999999,398.2705,405.7705,5.625,7.5
1,00-173414,22.769984,47.98498376,405.8695,413.3695,25.214999759999998,7.5
1,中国語（初級）Ⅱ,71.27000000000001,131.27,405.8695,413.3695,60.0,7.5
1,1,190.08039999999997,193.45539999999997,405.8695,413.3695,3.375,7.5
1,B,211.46009999999998,214.08509999999998,405.8695,413.3695,2.625,7.5
1,2023,225.17009,235.67009,405.8695,413.3695,10.5,7.5
1,2,243.57999999999998,246.95499999999998,405.9705,413.4705,3.375,7.5
1,福満,254.36999999999998,269.37,405.8695,413.3695,15.000000000000028,7.5
1,正博,276.87,291.87,405.8695,413.3695,15.0,7.5
1,00-175094,334.57002,359.78501975999995,405.8695,413.3695,25.214999759999955,7.5
1,Business,383.07,413.07,405.8695,413.3695,30.0,7.5
1,English,416.82,443.07,405.8695,413.3695,26.25,7.5
1,A,446.82,450.57,405.8695,413.3695,3.75,7.5
1,2,501.88,505.255,405.8695,413.3695,3.375,7.5
1,B,523.2597,525.8847,405.8695,413.3695,2.625,7.5
1,2025,536.9696899999999,547.4696899999999,405.8695,413.3695,10.5,7.5
1,2,555.3796,558.7546,405.9705,413.4705,3.375,7.5
1,山高,566.17,581.17,405.8695,413.3695,15.0,7.5
1,美和,588.67,603.67,405.8695,413.3695,15.0,7.5
1,必修,653.4699999999999,668.4699999999999,406.1695,413.6695,15.0,7.5
1,00-173415,22.769984,47.98498376,413.7705,421.2705,25.214999759999998,7.5
1,中国語（中級）Ａ,71.27000000000001,131.27,413.7705,421.2705,60.0,7.5
1,1,190.08039999999997,193.45539999999997,413.7705,421.2705,3.375,7.5
1,F,211.46009999999998,214.08509999999998,413.7705,421.2705,2.625,7.5
1,2023,225.17009,235.67009,413.7705,421.2705,10.5,7.5
1,石野,254.36999999999998,269.37,413.7705,421.2705,15.000000000000028,7.5
1,智大,276.87,291.87,413.7705,421.2705,15.0,7.5
1,00-175095,334.57002,359.78501975999995,413.7705,421.2705,25.214999759999955,7.5
1,Business,383.07,413.07,413.7705,421.2705,30.0,7.5
1,English,416.82,443.07,413.7705,421.2705,26.25,7.5
1,B,446.82,450.57,413.7705,421.2705,3.75,7.5
1,2,501.88,505.255,413.7705,421.2705,3.375,7.5
1,T,523.2597,525.8847,413.7705,421.2705,2.625,7.5
1,2024,536.9696899999999,547.4696899999999,413.7705,421.2705,10.5,7.5
1,増山,566.17,581.17,413.7705,421.2705,15.0,7.5
1,隆,588.67,596.17,413.7705,421.2705,7.5,7.5
1,英語（初級）,660.9699999999999,705.9699999999999,414.07050000000004,421.57050000000004,45.0,7.5
1,4,812.3575,815.17,414.0695,421.5695,2.8125,7.5
1,2,856.357525,859.170025,414.0695,421.5695,2.8125,7.5
1,2,870.757525,873.570025,414.0695,421.5695,2.8125,7.5
1,4,944.15755,946.97005,414.0695,421.5695,2.8125,7.5
1,00-173415,22.769984,47.98498376,421.6695,429.1695,25.214999759999998,7.5
1,中国語（中級）Ａ,71.27000000000001,131.27,421.6695,429.1695,60.0,7.5
1,1,190.08039999999997,193.45539999999997,421.6695,429.1695,3.375,7.5
1,T,211.46009999999998,214.08509999999998,421.6695,429.1695,2.625,7.5
1,2023,225.17009,235.67009,421.6695,429.1695,10.5,7.5
1,劉,254.36999999999998,261.87,421.6695,429.1695,7.500000000000028,7.5
1,素英,269.37,284.37,421.6695,429.1695,15.0,7.5
1,公共経営学科専門科目,360.57,435.57,421.6695,429.1695,75.0,7.5
1,初習外国語,660.9699999999999,698.4699999999999,421.96950000000004,429.46950000000004,37.5,7.5
1,8,812.3575,815.17,421.9705,429.4705,2.8125,7.5
1,2,827.5575249999999,830.3700249999999,421.9705,429.4705,2.8125,7.5
1,2,856.3575249999999,859.1700249999999,421.9705,429.4705,2.8125,7.5
1,3,870.7575249999999,873.5700249999999,421.9705,429.4705,2.8125,7.5
1,7,944.1575499999999,946.9700499999999,421.9705,429.4705,2.8125,7.5
1,00-173415,22.769984,47.98498376,429.5695,437.0695,25.214999759999998,7.5
1,中国語（中級）Ａ,71.27000000000001,131.27,429.5695,437.0695,60.0,7.5
1,1,190.08039999999997,193.45539999999997,429.5695,437.0695,3.375,7.5
1,F,211.46009999999998,214.08509999999998,429.5695,437.0695,2.625,7.5
1,2024,225.17009,235.67009,429.5695,437.0695,10.5,7.5
1,野田,254.36999999999998,269.37,429.5695,437.0695,15.000000000000028,7.5
1,寛達,276.87,291.87,429.5695,437.0695,15.0,7.5
1,他学科生,368.07,398.07,429.5695,437.0695,30.0,7.5
1,必修以外,653.4699999999999,683.4699999999999,429.8695,437.3695,30.0,7.5
1,00-173415,22.769984,47.98498376,437.4705,444.9705,25.214999759999998,7.5
1,中国語（中級）Ａ,71.27000000000001,131.27,437.4705,444.9705,60.0,7.5
1,1,190.08039999999997,193.45539999999997,437.4705,444.9705,3.375,7.5
1,C,211.46009999999998,214.08509999999998,437.4705,444.9705,2.625,7.5
1,2025,225.17009,235.67009,437.4705,444.9705,10.5,7.5
1,1,243.57999999999998,246.95499999999998,437.5695,445.0695,3.375,7.5
1,野田,254.36999999999998,269.37,437.4705,444.9705,15.000000000000028,7.5
1,寛達,276.87,291.87,437.4705,444.9705,15.0,7.5
1,日本語を用いた科目,375.57,443.07,437.4705,444.9705,67.5,7.5
1,その他外国語科目（単位認定分含む）,660.9699999999999,788.4699999999999,437.7705,445.2705,127.5,7.5
1,4,827.56,830.3725,437.7705,445.2705,2.8125,7.5
1,2,856.3599999999999,859.1724999999999,437.7705,445.2705,2.8125,7.5
1,6,944.1602499999999,946.9727499999999,437.7705,445.2705,2.8125,7.5
1,00-173415,22.769984,47.98498376,445.3695,452.8695,25.214999759999998,7.5
1,中国語（中級）Ａ,71.27000000000001,131.27,445.3695,452.8695,60.0,7.5
1,1,190.08039999999997,193.45539999999997,445.3695,452.8695,3.375,7.5
1,C,211.46009999999998,214.08509999999998,445.3695,452.8695,2.625,7.5
1,2025,225.17009,235.67009,445.3695,452.8695,10.5,7.5
1,1,243.57999999999998,246.95499999999998,445.4705,452.9705,3.375,7.5
1,野田,254.36999999999998,269.37,445.3695,452.8695,15.000000000000028,7.5
1,寛達,276.87,291.87,445.3695,452.8695,15.0,7.5
1,*,315.24,318.99,445.3695,452.8695,3.75,7.5
1,00-174631,334.57002,359.78501975999995,445.3695,452.8695,25.214999759999955,7.5
1,国際協力ＮＧＯ論,383.07,443.07,445.3695,452.8695,60.0,7.5
1,2,501.88,505.255,445.3695,452.8695,3.375,7.5
1,T,523.2597,525.8847,445.3695,452.8695,2.625,7.5
1,2024,536.9696899999999,547.4696899999999,445.3695,452.8695,10.5,7.5
1,重田,566.17,581.17,445.3695,452.8695,15.0,7.5
1,康博,588.67,603.67,445.3695,452.8695,15.0,7.5
1,外国語を用いた科目(基礎専門・学科専門科目区分),645.96988,805.5898616000001,445.6695,453.1695,159.61998160000007,7.5
1,4,812.3575,815.17,445.6695,453.1695,2.8125,7.5
1,4,827.5575249999999,830.3700249999999,445.6695,453.1695,2.8125,7.5
1,4,944.157775,946.970275,445.6695,453.1695,2.8125,7.5
1,00-173416,22.769984,47.98498376,453.2705,460.7705,25.214999759999998,7.5
1,中国語（中級）Ｂ,71.27000000000001,131.27,453.2705,460.7705,60.0,7.5
1,1,190.08039999999997,193.45539999999997,453.2705,460.7705,3.375,7.5
1,C,211.46009999999998,214.08509999999998,453.2705,460.7705,2.625,7.5
1,2023,225.17009,235.67009,453.2705,460.7705,10.5,7.5
1,1,243.57999999999998,246.95499999999998,453.3695,460.8695,3.375,7.5
1,石野,254.36999999999998,269.37,453.2705,460.7705,15.000000000000028,7.5
1,智大,276.87,291.87,453.2705,460.7705,15.0,7.5
1,00-174652,334.57002,359.78501975999995,453.2705,460.7705,25.214999759999955,7.5
1,観光事業論Ａ,383.07,428.07,453.2705,460.7705,45.0,7.5
1,2,501.88,505.255,453.2705,460.7705,3.375,7.5
1,A,523.2597,525.8847,453.2705,460.7705,2.625,7.5
1,2025,536.9696899999999,547.4696899999999,453.2705,460.7705,10.5,7.5
1,3,555.3796,558.7546,453.3695,460.8695,3.375,7.5
1,中島,566.17,581.17,453.2705,460.7705,15.0,7.5
1,恵,588.67,596.17,453.2705,460.7705,7.5,7.5
1,00-173416,22.769984,47.98498376,461.1695,468.6695,25.214999759999998,7.5
1,中国語（中級）Ｂ,71.27000000000001,131.27,461.1695,468.6695,60.0,7.5
1,1,190.08039999999997,193.45539999999997,461.1695,468.6695,3.375,7.5
1,T,211.46009999999998,214.08509999999998,461.1695,468.6695,2.625,7.5
1,2023,225.17009,235.67009,461.1695,468.6695,10.5,7.5
1,劉,254.36999999999998,261.87,461.1695,468.6695,7.500000000000028,7.5
1,素英,269.37,284.37,461.1695,468.6695,15.0,7.5
1,00-174671,334.57002,359.78501975999995,461.1695,468.6695,25.214999759999955,7.5
1,国際開発論,383.07,420.57,461.1695,468.6695,37.5,7.5
1,2,501.88,505.255,461.1695,468.6695,3.375,7.5
1,F,523.2597,525.8847,461.1695,468.6695,2.625,7.5
1,2024,536.9696899999999,547.4696899999999,461.1695,468.6695,10.5,7.5
1,高柳,566.17,581.17,461.1695,468.6695,15.0,7.5
1,彰夫,588.67,603.67,461.1695,468.6695,15.0,7.5
1,学部設置外国語科目（必修以外）,56.270000000000024,168.77000000000004,469.0695,476.5695,112.50000000000001,7.5
1,グローバル人材育成プログラム科目,360.57000000000005,480.57000000000005,469.0695,476.5695,120.0,7.5
1,00-173505,22.769984,47.98498376,484.8695,492.3695,25.214999759999998,7.5
1,英語コミュニケーション中級Ａ,71.27000000000001,176.27,484.8695,492.3695,105.0,7.5
1,1,190.08039999999997,193.45539999999997,484.8695,492.3695,3.375,7.5
1,C,211.46009999999998,214.08509999999998,484.8695,492.3695,2.625,7.5
1,2023,225.17009,235.67009,484.8695,492.3695,10.5,7.5
1,1,243.57999999999998,246.95499999999998,484.9705,492.4705,3.375,7.5
1,古川,254.36999999999998,269.37,484.8695,492.3695,15.000000000000028,7.5
1,恵美,276.87,291.87,484.8695,492.3695,15.0,7.5
1,00-173507,22.769984,47.98498376,492.7705,500.2705,25.214999759999998,7.5
1,英語コミュニケーション上級Ａ,71.27000000000001,176.27,492.7705,500.2705,105.0,7.5
1,1,190.08039999999997,193.45539999999997,492.7705,500.2705,3.375,7.5
1,F,211.46009999999998,214.08509999999998,492.7705,500.2705,2.625,7.5
1,2024,225.17009,235.67009,492.7705,500.2705,10.5,7.5
1,山高,254.36999999999998,269.37,492.7705,500.2705,15.000000000000028,7.5
1,美和,276.87,291.87,492.7705,500.2705,15.0,7.5
1,00-84B003,334.57002,359.78501975999995,492.7705,500.2705,25.214999759999955,7.5
1,MAGIC-L,383.07,409.32,492.7705,500.2705,26.25,7.5
1,2,501.88,505.255,492.7705,500.2705,3.375,7.5
1,A,523.2597,525.8847,492.7705,500.2705,2.625,7.5
1,2025,536.9696899999999,547.4696899999999,492.7705,500.2705,10.5,7.5
1,3,555.3796,558.7546,492.8695,500.3695,3.375,7.5
1,山森,566.17,581.17,492.7705,500.2705,15.0,7.5
1,理恵,588.67,603.67,492.7705,500.2705,15.0,7.5
1,00-173508,22.769984,47.98498376,500.6695,508.1695,25.214999759999998,7.5
1,英語コミュニケーション上級Ｂ,71.27000000000001,176.27,500.6695,508.1695,105.0,7.5
1,1,190.08039999999997,193.45539999999997,500.6695,508.1695,3.375,7.5
1,F,211.46009999999998,214.08509999999998,500.6695,508.1695,2.625,7.5
1,2024,225.17009,235.67009,500.6695,508.1695,10.5,7.5
1,山高,254.36999999999998,269.37,500.6695,508.1695,15.000000000000028,7.5
1,美和,276.87,291.87,500.6695,508.1695,15.0,7.5
1,00-173550,22.769984,47.98498376,508.5695,516.0695000000001,25.214999759999998,7.500000000000057
1,英語（中級）Ｂ,71.27000000000001,123.77000000000001,508.5695,516.0695000000001,52.5,7.500000000000057
1,1,190.08039999999997,193.45539999999997,508.5695,516.0695000000001,3.375,7.500000000000057
1,A,211.46009999999998,214.08509999999998,508.5695,516.0695000000001,2.625,7.500000000000057
1,2023,225.17009,235.67009,508.5695,516.0695000000001,10.5,7.500000000000057
1,3,243.57999999999998,246.95499999999998,508.6695,516.1695,3.375,7.499999999999943
1,石塚,254.36999999999998,269.37,508.5695,516.0695000000001,15.000000000000028,7.500000000000057
1,あおい,276.87,299.37,508.5695,516.0695000000001,22.5,7.500000000000057
1,00-173552,22.769984,47.98498376,516.4705,523.9705,25.214999759999998,7.5
1,認定科目,71.27000000000001,101.27000000000001,516.4705,523.9705,30.0,7.5
1,1,190.08039999999997,193.45539999999997,516.4705,523.9705,3.375,7.5
1,認定,207.51979999999998,218.01979999999998,516.4705,523.9705,10.5,7.5
1,2025,225.16980999999998,235.66980999999998,516.4705,523.9705,10.5,7.5
1,00-173552,22.769984,47.98498376,524.3695,531.8695,25.214999759999998,7.5
1,認定科目,71.27000000000001,101.27000000000001,524.3695,531.8695,30.0,7.5
1,1,190.08039999999997,193.45539999999997,524.3695,531.8695,3.375,7.5
1,認定,207.51979999999998,218.01979999999998,524.3695,531.8695,10.5,7.5
1,2025,225.16980999999998,235.66980999999998,524.3695,531.8695,10.5,7.5
1,00-173552,22.769984,47.98498376,532.2705,539.7705,25.214999759999998,7.5
1,認定科目,71.27000000000001,101.27000000000001,532.2705,539.7705,30.0,7.5
1,1,190.08039999999997,193.45539999999997,532.2705,539.7705,3.375,7.5
1,認定,207.51979999999998,218.01979999999998,532.2705,539.7705,10.5,7.5
1,2025,225.16980999999998,235.66980999999998,532.2705,539.7705,10.5,7.5
1,G,652.3399999999999,657.5899999999999,534.2694999999999,544.7695,5.25,10.500000000000114
1,P,666.7399999999999,671.9899999999999,534.2694999999999,544.7695,5.25,10.500000000000114
1,総,678.5199999999999,689.0199999999999,534.2694999999999,544.7695,10.5,10.500000000000114
1,計,692.9199999999998,703.4199999999998,534.2694999999999,544.7695,10.5,10.500000000000114
1,180,744.42,760.17,533.8695,544.3695,15.75,10.5
1,G,816.14,821.39,533.8695,544.3695,5.25,10.5
1,P,834.14,839.39,533.8695,544.3695,5.25,10.5
1,A,852.14,857.39,533.8695,544.3695,5.25,10.5
1,1.23,896.17,917.17,533.8695,544.3695,21.0,10.5
1,00-173552,22.769984,47.98498376,540.1695,547.6695,25.214999759999998,7.5
1,認定科目,71.27000000000001,101.27000000000001,540.1695,547.6695,30.0,7.5
1,1,190.08039999999997,193.45539999999997,540.1695,547.6695,3.375,7.5
1,認定,207.51979999999998,218.01979999999998,540.1695,547.6695,10.5,7.5
1,2025,225.16980999999998,235.66980999999998,540.1695,547.6695,10.5,7.5
1,体育実技科目,48.77,93.77000000000001,548.0705,555.5705,45.00000000000001,7.5
1,00-173605,22.769984,47.98498376,571.7695,579.2695,25.214999759999998,7.5
1,体育実技Ａ,71.27000000000001,108.77000000000001,571.7695,579.2695,37.5,7.5
1,1,190.08039999999997,193.45539999999997,571.7695,579.2695,3.375,7.5
1,A,211.46009999999998,214.08509999999998,571.7695,579.2695,2.625,7.5
1,2022,225.17009,235.67009,571.7695,579.2695,10.5,7.5
1,3,243.57999999999998,246.95499999999998,571.8695,579.3695,3.375,7.5
1,田中,254.36999999999998,269.37,571.7695,579.2695,15.000000000000028,7.5
1,充洋,276.87,291.87,571.7695,579.2695,15.0,7.5
1,00-173606,22.769984,47.98498376,579.6695,587.1695,25.214999759999998,7.5
1,体育実技Ｂ,71.27000000000001,108.77000000000001,579.6695,587.1695,37.5,7.5
1,1,190.08039999999997,193.45539999999997,579.6695,587.1695,3.375,7.5
1,C,211.46009999999998,214.08509999999998,579.6695,587.1695,2.625,7.5
1,2022,225.17009,235.67009,579.6695,587.1695,10.5,7.5
1,1,243.57999999999998,246.95499999999998,579.7695,587.2695,3.375,7.5
1,田中,254.36999999999998,269.37,579.6695,587.1695,15.000000000000028,7.5
1,充洋,276.87,291.87,579.6695,587.1695,15.0,7.5
1,実習関連科目,48.77,93.77000000000001,587.5705,595.0705,45.00000000000001,7.5
1,S:100-90A:89-80B:79-70C:69-60F:59-0T:未,645.8001399999998,836.4602499999999,590.47,599.47,190.66011000000003,9.0
1,受,840.1802469999998,846.3902469999998,590.47,599.47,6.210000000000036,9.0
1,験,850.1102439999999,856.3202439999999,590.47,599.47,6.210000000000036,9.0
1,2022年04月01日,705.37,778.87,669.3695,679.8695,73.5,10.5
1,(入学),809.77,841.27,669.3695,679.8695,31.5,10.5
1,経営学部,705.37,753.37,700.7695,712.7695,48.0,12.0
1,経営学科,759.37,807.37,700.7695,712.7695,48.0,12.0
1,1740220440,705.37,765.37,716.5695000000001,728.5695,60.0,11.999999999999886
1,市川,705.37,729.37,736.5695,748.5695,24.0,12.0
1,新之助,741.37,777.37,736.5695,748.5695,36.0,12.0
1,４,707.32,717.82,750.7695,761.2695,10.5,10.5
1,年,721.72,732.22,750.7695,761.2695,10.5,10.5
1,生10組006番,736.12,811.4200000000001,750.7695,761.2695,75.30000000000007,10.5
